Designator,Val,Package,Mid X,Mid Y,Rotation,Layer
C3,100n,C_0805_2012Metric,207.808,-216.55,-90,top
C3,100n,C_0805_2012Metric,10.808,-24.55,-90,top
C3,100n,C_0805_2012Metric,109.308,-24.55,-90,top
C3,100n,C_0805_2012Metric,207.808,-24.55,-90,top
C3,100n,C_0805_2012Metric,10.808,-72.55,-90,top
C3,100n,C_0805_2012Metric,109.308,-72.55,-90,top
C3,100n,C_0805_2012Metric,207.808,-72.55,-90,top
C3,100n,C_0805_2012Metric,10.808,-120.55,-90,top
C3,100n,C_0805_2012Metric,207.808,-120.55,-90,top
C3,100n,C_0805_2012Metric,10.808,-168.55,-90,top
C3,100n,C_0805_2012Metric,109.308,-168.55,-90,top
C3,100n,C_0805_2012Metric,207.808,-168.55,-90,top
C3,100n,C_0805_2012Metric,10.808,-216.55,-90,top
C3,100n,C_0805_2012Metric,109.308,-216.55,-90,top
C3,100n,C_0805_2012Metric,109.308,-120.55,-90,top
C4,10u,C_0805_2012Metric,14.1,-216.55,-90,top
C4,10u,C_0805_2012Metric,211.1,-168.55,-90,top
C4,10u,C_0805_2012Metric,112.6,-168.55,-90,top
C4,10u,C_0805_2012Metric,14.1,-168.55,-90,top
C4,10u,C_0805_2012Metric,211.1,-120.55,-90,top
C4,10u,C_0805_2012Metric,112.6,-120.55,-90,top
C4,10u,C_0805_2012Metric,14.1,-120.55,-90,top
C4,10u,C_0805_2012Metric,112.6,-216.55,-90,top
C4,10u,C_0805_2012Metric,211.1,-72.55,-90,top
C4,10u,C_0805_2012Metric,112.6,-72.55,-90,top
C4,10u,C_0805_2012Metric,14.1,-72.55,-90,top
C4,10u,C_0805_2012Metric,211.1,-24.55,-90,top
C4,10u,C_0805_2012Metric,112.6,-24.55,-90,top
C4,10u,C_0805_2012Metric,14.1,-24.55,-90,top
C4,10u,C_0805_2012Metric,211.1,-216.55,-90,top
D1,LED,LED_0805_2012Metric,214.5,-156,0,top
D1,LED,LED_0805_2012Metric,214.5,-204,0,top
D1,LED,LED_0805_2012Metric,116,-204,0,top
D1,LED,LED_0805_2012Metric,17.5,-204,0,top
D1,LED,LED_0805_2012Metric,116,-156,0,top
D1,LED,LED_0805_2012Metric,17.5,-156,0,top
D1,LED,LED_0805_2012Metric,214.5,-108,0,top
D1,LED,LED_0805_2012Metric,116,-108,0,top
D1,LED,LED_0805_2012Metric,17.5,-108,0,top
D1,LED,LED_0805_2012Metric,214.5,-60,0,top
D1,LED,LED_0805_2012Metric,116,-60,0,top
D1,LED,LED_0805_2012Metric,17.5,-60,0,top
D1,LED,LED_0805_2012Metric,214.5,-12,0,top
D1,LED,LED_0805_2012Metric,116,-12,0,top
D1,LED,LED_0805_2012Metric,17.5,-12,0,top
D2,LED,LED_0805_2012Metric,10.5,-17,-90,top
D2,LED,LED_0805_2012Metric,109,-17,-90,top
D2,LED,LED_0805_2012Metric,207.5,-17,-90,top
D2,LED,LED_0805_2012Metric,10.5,-65,-90,top
D2,LED,LED_0805_2012Metric,109,-65,-90,top
D2,LED,LED_0805_2012Metric,207.5,-65,-90,top
D2,LED,LED_0805_2012Metric,10.5,-113,-90,top
D2,LED,LED_0805_2012Metric,109,-113,-90,top
D2,LED,LED_0805_2012Metric,207.5,-113,-90,top
D2,LED,LED_0805_2012Metric,10.5,-161,-90,top
D2,LED,LED_0805_2012Metric,109,-161,-90,top
D2,LED,LED_0805_2012Metric,207.5,-161,-90,top
D2,LED,LED_0805_2012Metric,10.5,-209,-90,top
D2,LED,LED_0805_2012Metric,109,-209,-90,top
D2,LED,LED_0805_2012Metric,207.5,-209,-90,top
D3,LED,LED_0805_2012Metric,214.5,-213,0,top
D3,LED,LED_0805_2012Metric,116,-213,0,top
D3,LED,LED_0805_2012Metric,17.5,-213,0,top
D3,LED,LED_0805_2012Metric,214.5,-165,0,top
D3,LED,LED_0805_2012Metric,116,-165,0,top
D3,LED,LED_0805_2012Metric,17.5,-165,0,top
D3,LED,LED_0805_2012Metric,214.5,-117,0,top
D3,LED,LED_0805_2012Metric,116,-117,0,top
D3,LED,LED_0805_2012Metric,17.5,-117,0,top
D3,LED,LED_0805_2012Metric,214.5,-69,0,top
D3,LED,LED_0805_2012Metric,116,-69,0,top
D3,LED,LED_0805_2012Metric,17.5,-69,0,top
D3,LED,LED_0805_2012Metric,214.5,-21,0,top
D3,LED,LED_0805_2012Metric,116,-21,0,top
D3,LED,LED_0805_2012Metric,17.5,-21,0,top
D4,LED,LED_0805_2012Metric,122,-218,-90,top
D4,LED,LED_0805_2012Metric,220.5,-218,-90,top
D4,LED,LED_0805_2012Metric,23.5,-26,-90,top
D4,LED,LED_0805_2012Metric,122,-26,-90,top
D4,LED,LED_0805_2012Metric,220.5,-26,-90,top
D4,LED,LED_0805_2012Metric,23.5,-74,-90,top
D4,LED,LED_0805_2012Metric,122,-74,-90,top
D4,LED,LED_0805_2012Metric,220.5,-74,-90,top
D4,LED,LED_0805_2012Metric,23.5,-122,-90,top
D4,LED,LED_0805_2012Metric,122,-122,-90,top
D4,LED,LED_0805_2012Metric,220.5,-122,-90,top
D4,LED,LED_0805_2012Metric,23.5,-170,-90,top
D4,LED,LED_0805_2012Metric,122,-170,-90,top
D4,LED,LED_0805_2012Metric,220.5,-170,-90,top
D4,LED,LED_0805_2012Metric,23.5,-218,-90,top
D5,LED,LED_0805_2012Metric,17.5,-30,0,top
D5,LED,LED_0805_2012Metric,116,-30,0,top
D5,LED,LED_0805_2012Metric,214.5,-30,0,top
D5,LED,LED_0805_2012Metric,17.5,-78,0,top
D5,LED,LED_0805_2012Metric,116,-78,0,top
D5,LED,LED_0805_2012Metric,214.5,-78,0,top
D5,LED,LED_0805_2012Metric,17.5,-126,0,top
D5,LED,LED_0805_2012Metric,116,-126,0,top
D5,LED,LED_0805_2012Metric,214.5,-126,0,top
D5,LED,LED_0805_2012Metric,17.5,-174,0,top
D5,LED,LED_0805_2012Metric,116,-174,0,top
D5,LED,LED_0805_2012Metric,214.5,-174,0,top
D5,LED,LED_0805_2012Metric,17.5,-222,0,top
D5,LED,LED_0805_2012Metric,116,-222,0,top
D5,LED,LED_0805_2012Metric,214.5,-222,0,top
D6,LED,LED_0805_2012Metric,38.5,-204,0,top
D6,LED,LED_0805_2012Metric,137,-204,0,top
D6,LED,LED_0805_2012Metric,38.5,-12,0,top
D6,LED,LED_0805_2012Metric,235.5,-204,0,top
D6,LED,LED_0805_2012Metric,235.5,-156,0,top
D6,LED,LED_0805_2012Metric,137,-156,0,top
D6,LED,LED_0805_2012Metric,38.5,-156,0,top
D6,LED,LED_0805_2012Metric,235.5,-108,0,top
D6,LED,LED_0805_2012Metric,137,-108,0,top
D6,LED,LED_0805_2012Metric,235.5,-60,0,top
D6,LED,LED_0805_2012Metric,137,-60,0,top
D6,LED,LED_0805_2012Metric,38.5,-60,0,top
D6,LED,LED_0805_2012Metric,38.5,-108,0,top
D6,LED,LED_0805_2012Metric,235.5,-12,0,top
D6,LED,LED_0805_2012Metric,137,-12,0,top
D7,LED,LED_0805_2012Metric,228.5,-209,-90,top
D7,LED,LED_0805_2012Metric,130,-209,-90,top
D7,LED,LED_0805_2012Metric,31.5,-209,-90,top
D7,LED,LED_0805_2012Metric,228.5,-161,-90,top
D7,LED,LED_0805_2012Metric,31.5,-65,-90,top
D7,LED,LED_0805_2012Metric,130,-161,-90,top
D7,LED,LED_0805_2012Metric,31.5,-161,-90,top
D7,LED,LED_0805_2012Metric,228.5,-113,-90,top
D7,LED,LED_0805_2012Metric,130,-113,-90,top
D7,LED,LED_0805_2012Metric,31.5,-113,-90,top
D7,LED,LED_0805_2012Metric,228.5,-65,-90,top
D7,LED,LED_0805_2012Metric,130,-65,-90,top
D7,LED,LED_0805_2012Metric,228.5,-17,-90,top
D7,LED,LED_0805_2012Metric,130,-17,-90,top
D7,LED,LED_0805_2012Metric,31.5,-17,-90,top
D8,LED,LED_0805_2012Metric,137,-213,0,top
D8,LED,LED_0805_2012Metric,38.5,-213,0,top
D8,LED,LED_0805_2012Metric,235.5,-165,0,top
D8,LED,LED_0805_2012Metric,137,-165,0,top
D8,LED,LED_0805_2012Metric,38.5,-165,0,top
D8,LED,LED_0805_2012Metric,235.5,-117,0,top
D8,LED,LED_0805_2012Metric,137,-117,0,top
D8,LED,LED_0805_2012Metric,38.5,-117,0,top
D8,LED,LED_0805_2012Metric,235.5,-69,0,top
D8,LED,LED_0805_2012Metric,137,-69,0,top
D8,LED,LED_0805_2012Metric,38.5,-69,0,top
D8,LED,LED_0805_2012Metric,235.5,-21,0,top
D8,LED,LED_0805_2012Metric,137,-21,0,top
D8,LED,LED_0805_2012Metric,38.5,-21,0,top
D8,LED,LED_0805_2012Metric,235.5,-213,0,top
D9,LED,LED_0805_2012Metric,228.5,-218,-90,top
D9,LED,LED_0805_2012Metric,31.5,-26,-90,top
D9,LED,LED_0805_2012Metric,130,-26,-90,top
D9,LED,LED_0805_2012Metric,228.5,-26,-90,top
D9,LED,LED_0805_2012Metric,31.5,-74,-90,top
D9,LED,LED_0805_2012Metric,130,-74,-90,top
D9,LED,LED_0805_2012Metric,228.5,-74,-90,top
D9,LED,LED_0805_2012Metric,31.5,-122,-90,top
D9,LED,LED_0805_2012Metric,130,-122,-90,top
D9,LED,LED_0805_2012Metric,228.5,-122,-90,top
D9,LED,LED_0805_2012Metric,31.5,-170,-90,top
D9,LED,LED_0805_2012Metric,130,-170,-90,top
D9,LED,LED_0805_2012Metric,228.5,-170,-90,top
D9,LED,LED_0805_2012Metric,31.5,-218,-90,top
D9,LED,LED_0805_2012Metric,130,-218,-90,top
D10,LED,LED_0805_2012Metric,137,-126,0,top
D10,LED,LED_0805_2012Metric,235.5,-222,0,top
D10,LED,LED_0805_2012Metric,137,-222,0,top
D10,LED,LED_0805_2012Metric,38.5,-222,0,top
D10,LED,LED_0805_2012Metric,235.5,-174,0,top
D10,LED,LED_0805_2012Metric,137,-174,0,top
D10,LED,LED_0805_2012Metric,38.5,-174,0,top
D10,LED,LED_0805_2012Metric,235.5,-126,0,top
D10,LED,LED_0805_2012Metric,38.5,-126,0,top
D10,LED,LED_0805_2012Metric,235.5,-78,0,top
D10,LED,LED_0805_2012Metric,137,-78,0,top
D10,LED,LED_0805_2012Metric,38.5,-78,0,top
D10,LED,LED_0805_2012Metric,235.5,-30,0,top
D10,LED,LED_0805_2012Metric,137,-30,0,top
D10,LED,LED_0805_2012Metric,38.5,-30,0,top
D11,LED_G,LED_0805_2012Metric,213.5,-83,0,top
D11,LED_G,LED_0805_2012Metric,115,-83,0,top
D11,LED_G,LED_0805_2012Metric,16.5,-131,0,top
D11,LED_G,LED_0805_2012Metric,115,-131,0,top
D11,LED_G,LED_0805_2012Metric,213.5,-131,0,top
D11,LED_G,LED_0805_2012Metric,16.5,-179,0,top
D11,LED_G,LED_0805_2012Metric,115,-179,0,top
D11,LED_G,LED_0805_2012Metric,213.5,-179,0,top
D11,LED_G,LED_0805_2012Metric,16.5,-227,0,top
D11,LED_G,LED_0805_2012Metric,115,-227,0,top
D11,LED_G,LED_0805_2012Metric,213.5,-227,0,top
D11,LED_G,LED_0805_2012Metric,16.5,-35,0,top
D11,LED_G,LED_0805_2012Metric,115,-35,0,top
D11,LED_G,LED_0805_2012Metric,213.5,-35,0,top
D11,LED_G,LED_0805_2012Metric,16.5,-83,0,top
D12,LED,LED_0805_2012Metric,159.092,-29.41,-90,top
D12,LED,LED_0805_2012Metric,60.592,-29.41,-90,top
D12,LED,LED_0805_2012Metric,257.592,-221.41,-90,top
D12,LED,LED_0805_2012Metric,159.092,-221.41,-90,top
D12,LED,LED_0805_2012Metric,60.592,-221.41,-90,top
D12,LED,LED_0805_2012Metric,257.592,-173.41,-90,top
D12,LED,LED_0805_2012Metric,159.092,-173.41,-90,top
D12,LED,LED_0805_2012Metric,60.592,-173.41,-90,top
D12,LED,LED_0805_2012Metric,257.592,-125.41,-90,top
D12,LED,LED_0805_2012Metric,159.092,-125.41,-90,top
D12,LED,LED_0805_2012Metric,60.592,-125.41,-90,top
D12,LED,LED_0805_2012Metric,257.592,-77.41,-90,top
D12,LED,LED_0805_2012Metric,159.092,-77.41,-90,top
D12,LED,LED_0805_2012Metric,60.592,-77.41,-90,top
D12,LED,LED_0805_2012Metric,257.592,-29.41,-90,top
D13,LED_G,LED_0805_2012Metric,231.5,-227,180,top
D13,LED_G,LED_0805_2012Metric,133,-227,180,top
D13,LED_G,LED_0805_2012Metric,34.5,-227,180,top
D13,LED_G,LED_0805_2012Metric,231.5,-179,180,top
D13,LED_G,LED_0805_2012Metric,133,-179,180,top
D13,LED_G,LED_0805_2012Metric,34.5,-179,180,top
D13,LED_G,LED_0805_2012Metric,231.5,-131,180,top
D13,LED_G,LED_0805_2012Metric,133,-131,180,top
D13,LED_G,LED_0805_2012Metric,34.5,-131,180,top
D13,LED_G,LED_0805_2012Metric,231.5,-83,180,top
D13,LED_G,LED_0805_2012Metric,133,-83,180,top
D13,LED_G,LED_0805_2012Metric,34.5,-83,180,top
D13,LED_G,LED_0805_2012Metric,231.5,-35,180,top
D13,LED_G,LED_0805_2012Metric,133,-35,180,top
D13,LED_G,LED_0805_2012Metric,34.5,-35,180,top
D14,LED_G,LED_0805_2012Metric,52.5,-131,0,top
D14,LED_G,LED_0805_2012Metric,151,-227,0,top
D14,LED_G,LED_0805_2012Metric,249.5,-227,0,top
D14,LED_G,LED_0805_2012Metric,52.5,-227,0,top
D14,LED_G,LED_0805_2012Metric,249.5,-179,0,top
D14,LED_G,LED_0805_2012Metric,151,-179,0,top
D14,LED_G,LED_0805_2012Metric,52.5,-179,0,top
D14,LED_G,LED_0805_2012Metric,249.5,-131,0,top
D14,LED_G,LED_0805_2012Metric,151,-131,0,top
D14,LED_G,LED_0805_2012Metric,249.5,-83,0,top
D14,LED_G,LED_0805_2012Metric,151,-83,0,top
D14,LED_G,LED_0805_2012Metric,52.5,-83,0,top
D14,LED_G,LED_0805_2012Metric,249.5,-35,0,top
D14,LED_G,LED_0805_2012Metric,151,-35,0,top
D14,LED_G,LED_0805_2012Metric,52.5,-35,0,top
D15,LED_G,LED_0805_2012Metric,60.592,-9.09,0,top
D15,LED_G,LED_0805_2012Metric,257.592,-201.09,0,top
D15,LED_G,LED_0805_2012Metric,60.592,-201.09,0,top
D15,LED_G,LED_0805_2012Metric,159.092,-201.09,0,top
D15,LED_G,LED_0805_2012Metric,159.092,-9.09,0,top
D15,LED_G,LED_0805_2012Metric,257.592,-9.09,0,top
D15,LED_G,LED_0805_2012Metric,60.592,-57.09,0,top
D15,LED_G,LED_0805_2012Metric,159.092,-57.09,0,top
D15,LED_G,LED_0805_2012Metric,257.592,-57.09,0,top
D15,LED_G,LED_0805_2012Metric,60.592,-105.09,0,top
D15,LED_G,LED_0805_2012Metric,159.092,-105.09,0,top
D15,LED_G,LED_0805_2012Metric,257.592,-105.09,0,top
D15,LED_G,LED_0805_2012Metric,60.592,-153.09,0,top
D15,LED_G,LED_0805_2012Metric,159.092,-153.09,0,top
D15,LED_G,LED_0805_2012Metric,257.592,-153.09,0,top
D17,LED_G,LED_0805_2012Metric,170.268,-226.998,0,top
D17,LED_G,LED_0805_2012Metric,71.768,-226.998,0,top
D17,LED_G,LED_0805_2012Metric,268.768,-178.998,0,top
D17,LED_G,LED_0805_2012Metric,170.268,-178.998,0,top
D17,LED_G,LED_0805_2012Metric,71.768,-178.998,0,top
D17,LED_G,LED_0805_2012Metric,268.768,-226.998,0,top
D17,LED_G,LED_0805_2012Metric,268.768,-130.998,0,top
D17,LED_G,LED_0805_2012Metric,170.268,-130.998,0,top
D17,LED_G,LED_0805_2012Metric,71.768,-130.998,0,top
D17,LED_G,LED_0805_2012Metric,268.768,-82.998,0,top
D17,LED_G,LED_0805_2012Metric,170.268,-82.998,0,top
D17,LED_G,LED_0805_2012Metric,71.768,-82.998,0,top
D17,LED_G,LED_0805_2012Metric,268.768,-34.998,0,top
D17,LED_G,LED_0805_2012Metric,170.268,-34.998,0,top
D17,LED_G,LED_0805_2012Metric,71.768,-34.998,0,top
D18,LED_G,LED_0805_2012Metric,271.562,-67.504,90,top
D18,LED_G,LED_0805_2012Metric,74.562,-19.504,90,top
D18,LED_G,LED_0805_2012Metric,173.062,-19.504,90,top
D18,LED_G,LED_0805_2012Metric,271.562,-19.504,90,top
D18,LED_G,LED_0805_2012Metric,74.562,-67.504,90,top
D18,LED_G,LED_0805_2012Metric,173.062,-67.504,90,top
D18,LED_G,LED_0805_2012Metric,74.562,-115.504,90,top
D18,LED_G,LED_0805_2012Metric,173.062,-115.504,90,top
D18,LED_G,LED_0805_2012Metric,271.562,-115.504,90,top
D18,LED_G,LED_0805_2012Metric,74.562,-163.504,90,top
D18,LED_G,LED_0805_2012Metric,173.062,-163.504,90,top
D18,LED_G,LED_0805_2012Metric,271.562,-163.504,90,top
D18,LED_G,LED_0805_2012Metric,74.562,-211.504,90,top
D18,LED_G,LED_0805_2012Metric,173.062,-211.504,90,top
D18,LED_G,LED_0805_2012Metric,271.562,-211.504,90,top
D19,LED_G,LED_0805_2012Metric,82.5,-9,180,top
D19,LED_G,LED_0805_2012Metric,181,-9,180,top
D19,LED_G,LED_0805_2012Metric,279.5,-9,180,top
D19,LED_G,LED_0805_2012Metric,82.5,-57,180,top
D19,LED_G,LED_0805_2012Metric,181,-57,180,top
D19,LED_G,LED_0805_2012Metric,279.5,-57,180,top
D19,LED_G,LED_0805_2012Metric,82.5,-105,180,top
D19,LED_G,LED_0805_2012Metric,181,-105,180,top
D19,LED_G,LED_0805_2012Metric,279.5,-105,180,top
D19,LED_G,LED_0805_2012Metric,82.5,-153,180,top
D19,LED_G,LED_0805_2012Metric,181,-153,180,top
D19,LED_G,LED_0805_2012Metric,279.5,-153,180,top
D19,LED_G,LED_0805_2012Metric,82.5,-201,180,top
D19,LED_G,LED_0805_2012Metric,181,-201,180,top
D19,LED_G,LED_0805_2012Metric,279.5,-201,180,top
D20,LED_G,LED_0805_2012Metric,189.064,-212.52,90,top
D20,LED_G,LED_0805_2012Metric,189.064,-20.52,90,top
D20,LED_G,LED_0805_2012Metric,90.564,-20.52,90,top
D20,LED_G,LED_0805_2012Metric,287.564,-212.52,90,top
D20,LED_G,LED_0805_2012Metric,90.564,-212.52,90,top
D20,LED_G,LED_0805_2012Metric,287.564,-164.52,90,top
D20,LED_G,LED_0805_2012Metric,189.064,-164.52,90,top
D20,LED_G,LED_0805_2012Metric,90.564,-164.52,90,top
D20,LED_G,LED_0805_2012Metric,287.564,-116.52,90,top
D20,LED_G,LED_0805_2012Metric,189.064,-116.52,90,top
D20,LED_G,LED_0805_2012Metric,90.564,-116.52,90,top
D20,LED_G,LED_0805_2012Metric,287.564,-68.52,90,top
D20,LED_G,LED_0805_2012Metric,189.064,-68.52,90,top
D20,LED_G,LED_0805_2012Metric,90.564,-68.52,90,top
D20,LED_G,LED_0805_2012Metric,287.564,-20.52,90,top
D21,LED,LED_0805_2012Metric,60.592,-163.758,90,top
D21,LED,LED_0805_2012Metric,159.092,-163.758,90,top
D21,LED,LED_0805_2012Metric,257.592,-163.758,90,top
D21,LED,LED_0805_2012Metric,60.592,-211.758,90,top
D21,LED,LED_0805_2012Metric,159.092,-211.758,90,top
D21,LED,LED_0805_2012Metric,257.592,-211.758,90,top
D21,LED,LED_0805_2012Metric,257.592,-19.758,90,top
D21,LED,LED_0805_2012Metric,60.592,-67.758,90,top
D21,LED,LED_0805_2012Metric,159.092,-67.758,90,top
D21,LED,LED_0805_2012Metric,257.592,-67.758,90,top
D21,LED,LED_0805_2012Metric,60.592,-115.758,90,top
D21,LED,LED_0805_2012Metric,159.092,-115.758,90,top
D21,LED,LED_0805_2012Metric,257.592,-115.758,90,top
D21,LED,LED_0805_2012Metric,60.592,-19.758,90,top
D21,LED,LED_0805_2012Metric,159.092,-19.758,90,top
D22,LED_G,LED_0805_2012Metric,289.7715,-226.998,0,top
D22,LED_G,LED_0805_2012Metric,92.7715,-34.998,0,top
D22,LED_G,LED_0805_2012Metric,191.2715,-34.998,0,top
D22,LED_G,LED_0805_2012Metric,289.7715,-34.998,0,top
D22,LED_G,LED_0805_2012Metric,92.7715,-82.998,0,top
D22,LED_G,LED_0805_2012Metric,191.2715,-82.998,0,top
D22,LED_G,LED_0805_2012Metric,289.7715,-82.998,0,top
D22,LED_G,LED_0805_2012Metric,92.7715,-130.998,0,top
D22,LED_G,LED_0805_2012Metric,191.2715,-130.998,0,top
D22,LED_G,LED_0805_2012Metric,289.7715,-130.998,0,top
D22,LED_G,LED_0805_2012Metric,92.7715,-178.998,0,top
D22,LED_G,LED_0805_2012Metric,191.2715,-178.998,0,top
D22,LED_G,LED_0805_2012Metric,289.7715,-178.998,0,top
D22,LED_G,LED_0805_2012Metric,92.7715,-226.998,0,top
D22,LED_G,LED_0805_2012Metric,191.2715,-226.998,0,top
D23,LED_G,LED_0805_2012Metric,52.464,-213.028,90,top
D23,LED_G,LED_0805_2012Metric,150.964,-21.028,90,top
D23,LED_G,LED_0805_2012Metric,249.464,-21.028,90,top
D23,LED_G,LED_0805_2012Metric,52.464,-69.028,90,top
D23,LED_G,LED_0805_2012Metric,150.964,-69.028,90,top
D23,LED_G,LED_0805_2012Metric,249.464,-69.028,90,top
D23,LED_G,LED_0805_2012Metric,52.464,-117.028,90,top
D23,LED_G,LED_0805_2012Metric,150.964,-117.028,90,top
D23,LED_G,LED_0805_2012Metric,249.464,-117.028,90,top
D23,LED_G,LED_0805_2012Metric,52.464,-165.028,90,top
D23,LED_G,LED_0805_2012Metric,150.964,-165.028,90,top
D23,LED_G,LED_0805_2012Metric,249.464,-165.028,90,top
D23,LED_G,LED_0805_2012Metric,150.964,-213.028,90,top
D23,LED_G,LED_0805_2012Metric,249.464,-213.028,90,top
D23,LED_G,LED_0805_2012Metric,52.464,-21.028,90,top
D24,LED_G,LED_0805_2012Metric,167.22,-115.758,90,top
D24,LED_G,LED_0805_2012Metric,265.72,-211.758,90,top
D24,LED_G,LED_0805_2012Metric,167.22,-211.758,90,top
D24,LED_G,LED_0805_2012Metric,68.72,-211.758,90,top
D24,LED_G,LED_0805_2012Metric,265.72,-163.758,90,top
D24,LED_G,LED_0805_2012Metric,167.22,-163.758,90,top
D24,LED_G,LED_0805_2012Metric,68.72,-163.758,90,top
D24,LED_G,LED_0805_2012Metric,265.72,-115.758,90,top
D24,LED_G,LED_0805_2012Metric,68.72,-115.758,90,top
D24,LED_G,LED_0805_2012Metric,265.72,-67.758,90,top
D24,LED_G,LED_0805_2012Metric,167.22,-67.758,90,top
D24,LED_G,LED_0805_2012Metric,68.72,-67.758,90,top
D24,LED_G,LED_0805_2012Metric,265.72,-19.758,90,top
D24,LED_G,LED_0805_2012Metric,167.22,-19.758,90,top
D24,LED_G,LED_0805_2012Metric,68.72,-19.758,90,top
D25,LED,LED_0805_2012Metric,279.5,-160.964,0,top
D25,LED,LED_0805_2012Metric,181,-160.964,0,top
D25,LED,LED_0805_2012Metric,82.5,-208.964,0,top
D25,LED,LED_0805_2012Metric,181,-208.964,0,top
D25,LED,LED_0805_2012Metric,279.5,-208.964,0,top
D25,LED,LED_0805_2012Metric,82.5,-16.964,0,top
D25,LED,LED_0805_2012Metric,181,-16.964,0,top
D25,LED,LED_0805_2012Metric,279.5,-16.964,0,top
D25,LED,LED_0805_2012Metric,279.5,-64.964,0,top
D25,LED,LED_0805_2012Metric,82.5,-64.964,0,top
D25,LED,LED_0805_2012Metric,181,-64.964,0,top
D25,LED,LED_0805_2012Metric,82.5,-112.964,0,top
D25,LED,LED_0805_2012Metric,181,-112.964,0,top
D25,LED,LED_0805_2012Metric,279.5,-112.964,0,top
D25,LED,LED_0805_2012Metric,82.5,-160.964,0,top
D26,LED,LED_0805_2012Metric,177.126,-20.774,90,top
D26,LED,LED_0805_2012Metric,275.626,-20.774,90,top
D26,LED,LED_0805_2012Metric,78.626,-68.774,90,top
D26,LED,LED_0805_2012Metric,177.126,-68.774,90,top
D26,LED,LED_0805_2012Metric,275.626,-68.774,90,top
D26,LED,LED_0805_2012Metric,78.626,-116.774,90,top
D26,LED,LED_0805_2012Metric,177.126,-116.774,90,top
D26,LED,LED_0805_2012Metric,275.626,-116.774,90,top
D26,LED,LED_0805_2012Metric,78.626,-164.774,90,top
D26,LED,LED_0805_2012Metric,177.126,-164.774,90,top
D26,LED,LED_0805_2012Metric,275.626,-164.774,90,top
D26,LED,LED_0805_2012Metric,78.626,-212.774,90,top
D26,LED,LED_0805_2012Metric,177.126,-212.774,90,top
D26,LED,LED_0805_2012Metric,275.626,-212.774,90,top
D26,LED,LED_0805_2012Metric,78.626,-20.774,90,top
D27,LED,LED_0805_2012Metric,181.444,-216.076,0,top
D27,LED,LED_0805_2012Metric,279.944,-216.076,0,top
D27,LED,LED_0805_2012Metric,82.944,-216.076,0,top
D27,LED,LED_0805_2012Metric,279.944,-168.076,0,top
D27,LED,LED_0805_2012Metric,181.444,-168.076,0,top
D27,LED,LED_0805_2012Metric,82.944,-168.076,0,top
D27,LED,LED_0805_2012Metric,279.944,-120.076,0,top
D27,LED,LED_0805_2012Metric,181.444,-120.076,0,top
D27,LED,LED_0805_2012Metric,279.944,-72.076,0,top
D27,LED,LED_0805_2012Metric,181.444,-72.076,0,top
D27,LED,LED_0805_2012Metric,82.944,-72.076,0,top
D27,LED,LED_0805_2012Metric,279.944,-24.076,0,top
D27,LED,LED_0805_2012Metric,181.444,-24.076,0,top
D27,LED,LED_0805_2012Metric,82.944,-24.076,0,top
D27,LED,LED_0805_2012Metric,82.944,-120.076,0,top
D28,LED,LED_0805_2012Metric,283.5,-219.378,90,top
D28,LED,LED_0805_2012Metric,185,-219.378,90,top
D28,LED,LED_0805_2012Metric,86.5,-219.378,90,top
D28,LED,LED_0805_2012Metric,283.5,-171.378,90,top
D28,LED,LED_0805_2012Metric,185,-171.378,90,top
D28,LED,LED_0805_2012Metric,86.5,-171.378,90,top
D28,LED,LED_0805_2012Metric,283.5,-123.378,90,top
D28,LED,LED_0805_2012Metric,185,-123.378,90,top
D28,LED,LED_0805_2012Metric,86.5,-123.378,90,top
D28,LED,LED_0805_2012Metric,283.5,-75.378,90,top
D28,LED,LED_0805_2012Metric,185,-75.378,90,top
D28,LED,LED_0805_2012Metric,86.5,-75.378,90,top
D28,LED,LED_0805_2012Metric,283.5,-27.378,90,top
D28,LED,LED_0805_2012Metric,185,-27.378,90,top
D28,LED,LED_0805_2012Metric,86.5,-27.378,90,top
D29,LED,LED_0805_2012Metric,279.5,-127.188,0,top
D29,LED,LED_0805_2012Metric,279.5,-223.188,0,top
D29,LED,LED_0805_2012Metric,181,-223.188,0,top
D29,LED,LED_0805_2012Metric,82.5,-223.188,0,top
D29,LED,LED_0805_2012Metric,279.5,-175.188,0,top
D29,LED,LED_0805_2012Metric,181,-175.188,0,top
D29,LED,LED_0805_2012Metric,82.5,-175.188,0,top
D29,LED,LED_0805_2012Metric,181,-127.188,0,top
D29,LED,LED_0805_2012Metric,82.5,-127.188,0,top
D29,LED,LED_0805_2012Metric,279.5,-79.188,0,top
D29,LED,LED_0805_2012Metric,181,-79.188,0,top
D29,LED,LED_0805_2012Metric,82.5,-79.188,0,top
D29,LED,LED_0805_2012Metric,279.5,-31.188,0,top
D29,LED,LED_0805_2012Metric,181,-31.188,0,top
D29,LED,LED_0805_2012Metric,82.5,-31.188,0,top
L1,L,L_1008_2520Metric,163.664,-215.06,90,top
L1,L,L_1008_2520Metric,262.164,-215.06,90,top
L1,L,L_1008_2520Metric,65.164,-23.06,90,top
L1,L,L_1008_2520Metric,65.164,-215.06,90,top
L1,L,L_1008_2520Metric,262.164,-167.06,90,top
L1,L,L_1008_2520Metric,163.664,-167.06,90,top
L1,L,L_1008_2520Metric,65.164,-167.06,90,top
L1,L,L_1008_2520Metric,262.164,-119.06,90,top
L1,L,L_1008_2520Metric,163.664,-119.06,90,top
L1,L,L_1008_2520Metric,65.164,-119.06,90,top
L1,L,L_1008_2520Metric,262.164,-71.06,90,top
L1,L,L_1008_2520Metric,163.664,-71.06,90,top
L1,L,L_1008_2520Metric,65.164,-71.06,90,top
L1,L,L_1008_2520Metric,262.164,-23.06,90,top
L1,L,L_1008_2520Metric,163.664,-23.06,90,top
L2,L,L_1008_2520Metric,283.154,-227.736,90,top
L2,L,L_1008_2520Metric,184.654,-227.736,90,top
L2,L,L_1008_2520Metric,86.154,-35.736,90,top
L2,L,L_1008_2520Metric,184.654,-35.736,90,top
L2,L,L_1008_2520Metric,283.154,-35.736,90,top
L2,L,L_1008_2520Metric,86.154,-83.736,90,top
L2,L,L_1008_2520Metric,184.654,-83.736,90,top
L2,L,L_1008_2520Metric,283.154,-83.736,90,top
L2,L,L_1008_2520Metric,184.654,-131.736,90,top
L2,L,L_1008_2520Metric,283.154,-131.736,90,top
L2,L,L_1008_2520Metric,86.154,-179.736,90,top
L2,L,L_1008_2520Metric,184.654,-179.736,90,top
L2,L,L_1008_2520Metric,283.154,-179.736,90,top
L2,L,L_1008_2520Metric,86.154,-131.736,90,top
L2,L,L_1008_2520Metric,86.154,-227.736,90,top
L4,L,L_1008_2520Metric,221.025,-88.6,180,top
L4,L,L_1008_2520Metric,221.025,-232.6,180,top
L4,L,L_1008_2520Metric,122.525,-232.6,180,top
L4,L,L_1008_2520Metric,24.025,-232.6,180,top
L4,L,L_1008_2520Metric,221.025,-184.6,180,top
L4,L,L_1008_2520Metric,122.525,-184.6,180,top
L4,L,L_1008_2520Metric,24.025,-184.6,180,top
L4,L,L_1008_2520Metric,221.025,-136.6,180,top
L4,L,L_1008_2520Metric,122.525,-136.6,180,top
L4,L,L_1008_2520Metric,24.025,-136.6,180,top
L4,L,L_1008_2520Metric,122.525,-88.6,180,top
L4,L,L_1008_2520Metric,24.025,-88.6,180,top
L4,L,L_1008_2520Metric,221.025,-40.6,180,top
L4,L,L_1008_2520Metric,122.525,-40.6,180,top
L4,L,L_1008_2520Metric,24.025,-40.6,180,top
L5,L,L_1008_2520Metric,239.1,-223.275,90,top
L5,L,L_1008_2520Metric,42.1,-223.275,90,top
L5,L,L_1008_2520Metric,140.6,-223.275,90,top
L5,L,L_1008_2520Metric,239.1,-175.275,90,top
L5,L,L_1008_2520Metric,140.6,-175.275,90,top
L5,L,L_1008_2520Metric,42.1,-175.275,90,top
L5,L,L_1008_2520Metric,239.1,-127.275,90,top
L5,L,L_1008_2520Metric,140.6,-127.275,90,top
L5,L,L_1008_2520Metric,239.1,-79.275,90,top
L5,L,L_1008_2520Metric,42.1,-31.275,90,top
L5,L,L_1008_2520Metric,140.6,-31.275,90,top
L5,L,L_1008_2520Metric,239.1,-31.275,90,top
L5,L,L_1008_2520Metric,42.1,-127.275,90,top
L5,L,L_1008_2520Metric,140.6,-79.275,90,top
L5,L,L_1008_2520Metric,42.1,-79.275,90,top
Q1,AO3401A,SOT-23,225.1625,-40.625,0,top
Q1,AO3401A,SOT-23,126.6625,-184.625,0,top
Q1,AO3401A,SOT-23,28.1625,-184.625,0,top
Q1,AO3401A,SOT-23,225.1625,-136.625,0,top
Q1,AO3401A,SOT-23,126.6625,-136.625,0,top
Q1,AO3401A,SOT-23,28.1625,-136.625,0,top
Q1,AO3401A,SOT-23,225.1625,-88.625,0,top
Q1,AO3401A,SOT-23,126.6625,-88.625,0,top
Q1,AO3401A,SOT-23,28.1625,-88.625,0,top
Q1,AO3401A,SOT-23,126.6625,-40.625,0,top
Q1,AO3401A,SOT-23,28.1625,-40.625,0,top
Q1,AO3401A,SOT-23,225.1625,-232.625,0,top
Q1,AO3401A,SOT-23,126.6625,-232.625,0,top
Q1,AO3401A,SOT-23,28.1625,-232.625,0,top
Q1,AO3401A,SOT-23,225.1625,-184.625,0,top
Q2,AO3401A,SOT-23,140.55,-230.3375,-90,top
Q2,AO3401A,SOT-23,239.05,-86.3375,-90,top
Q2,AO3401A,SOT-23,239.05,-134.3375,-90,top
Q2,AO3401A,SOT-23,42.05,-182.3375,-90,top
Q2,AO3401A,SOT-23,140.55,-182.3375,-90,top
Q2,AO3401A,SOT-23,239.05,-182.3375,-90,top
Q2,AO3401A,SOT-23,42.05,-230.3375,-90,top
Q2,AO3401A,SOT-23,239.05,-230.3375,-90,top
Q2,AO3401A,SOT-23,140.55,-134.3375,-90,top
Q2,AO3401A,SOT-23,42.05,-134.3375,-90,top
Q2,AO3401A,SOT-23,140.55,-86.3375,-90,top
Q2,AO3401A,SOT-23,42.05,-86.3375,-90,top
Q2,AO3401A,SOT-23,239.05,-38.3375,-90,top
Q2,AO3401A,SOT-23,140.55,-38.3375,-90,top
Q2,AO3401A,SOT-23,42.05,-38.3375,-90,top
Q3,AO3401A,SOT-23,262.164,-27.378,-90,top
Q3,AO3401A,SOT-23,65.164,-27.378,-90,top
Q3,AO3401A,SOT-23,262.164,-219.378,-90,top
Q3,AO3401A,SOT-23,163.664,-219.378,-90,top
Q3,AO3401A,SOT-23,65.164,-219.378,-90,top
Q3,AO3401A,SOT-23,262.164,-171.378,-90,top
Q3,AO3401A,SOT-23,163.664,-171.378,-90,top
Q3,AO3401A,SOT-23,65.164,-171.378,-90,top
Q3,AO3401A,SOT-23,262.164,-123.378,-90,top
Q3,AO3401A,SOT-23,163.664,-123.378,-90,top
Q3,AO3401A,SOT-23,65.164,-123.378,-90,top
Q3,AO3401A,SOT-23,262.164,-75.378,-90,top
Q3,AO3401A,SOT-23,163.664,-75.378,-90,top
Q3,AO3401A,SOT-23,65.164,-75.378,-90,top
Q3,AO3401A,SOT-23,163.664,-27.378,-90,top
Q4,AO3401A,SOT-23,184.4,-39.8,-90,top
Q4,AO3401A,SOT-23,85.9,-39.8,-90,top
Q4,AO3401A,SOT-23,282.9,-231.8,-90,top
Q4,AO3401A,SOT-23,184.4,-231.8,-90,top
Q4,AO3401A,SOT-23,85.9,-231.8,-90,top
Q4,AO3401A,SOT-23,282.9,-183.8,-90,top
Q4,AO3401A,SOT-23,184.4,-183.8,-90,top
Q4,AO3401A,SOT-23,85.9,-183.8,-90,top
Q4,AO3401A,SOT-23,282.9,-135.8,-90,top
Q4,AO3401A,SOT-23,184.4,-135.8,-90,top
Q4,AO3401A,SOT-23,85.9,-135.8,-90,top
Q4,AO3401A,SOT-23,282.9,-87.8,-90,top
Q4,AO3401A,SOT-23,184.4,-87.8,-90,top
Q4,AO3401A,SOT-23,85.9,-87.8,-90,top
Q4,AO3401A,SOT-23,282.9,-39.8,-90,top
R1,100k,R_0603_1608Metric,239.05,-232.9985,180,top
R1,100k,R_0603_1608Metric,140.55,-232.9985,180,top
R1,100k,R_0603_1608Metric,42.05,-232.9985,180,top
R1,100k,R_0603_1608Metric,239.05,-184.9985,180,top
R1,100k,R_0603_1608Metric,140.55,-184.9985,180,top
R1,100k,R_0603_1608Metric,42.05,-184.9985,180,top
R1,100k,R_0603_1608Metric,239.05,-136.9985,180,top
R1,100k,R_0603_1608Metric,140.55,-136.9985,180,top
R1,100k,R_0603_1608Metric,42.05,-136.9985,180,top
R1,100k,R_0603_1608Metric,239.05,-88.9985,180,top
R1,100k,R_0603_1608Metric,140.55,-88.9985,180,top
R1,100k,R_0603_1608Metric,42.05,-88.9985,180,top
R1,100k,R_0603_1608Metric,239.05,-40.9985,180,top
R1,100k,R_0603_1608Metric,140.55,-40.9985,180,top
R1,100k,R_0603_1608Metric,42.05,-40.9985,180,top
R2,510,R_0603_1608Metric,31.1,-36.775,-90,top
R2,510,R_0603_1608Metric,129.6,-228.775,-90,top
R2,510,R_0603_1608Metric,129.6,-36.775,-90,top
R2,510,R_0603_1608Metric,228.1,-36.775,-90,top
R2,510,R_0603_1608Metric,31.1,-84.775,-90,top
R2,510,R_0603_1608Metric,129.6,-84.775,-90,top
R2,510,R_0603_1608Metric,228.1,-84.775,-90,top
R2,510,R_0603_1608Metric,31.1,-132.775,-90,top
R2,510,R_0603_1608Metric,129.6,-132.775,-90,top
R2,510,R_0603_1608Metric,228.1,-132.775,-90,top
R2,510,R_0603_1608Metric,31.1,-180.775,-90,top
R2,510,R_0603_1608Metric,129.6,-180.775,-90,top
R2,510,R_0603_1608Metric,228.1,-180.775,-90,top
R2,510,R_0603_1608Metric,31.1,-228.775,-90,top
R2,510,R_0603_1608Metric,228.1,-228.775,-90,top
R3,1k,R_0603_1608Metric,147.375,-32.6,180,top
R3,1k,R_0603_1608Metric,48.875,-32.6,180,top
R3,1k,R_0603_1608Metric,245.875,-32.6,180,top
R3,1k,R_0603_1608Metric,48.875,-80.6,180,top
R3,1k,R_0603_1608Metric,147.375,-80.6,180,top
R3,1k,R_0603_1608Metric,245.875,-80.6,180,top
R3,1k,R_0603_1608Metric,48.875,-128.6,180,top
R3,1k,R_0603_1608Metric,147.375,-128.6,180,top
R3,1k,R_0603_1608Metric,245.875,-128.6,180,top
R3,1k,R_0603_1608Metric,48.875,-176.6,180,top
R3,1k,R_0603_1608Metric,147.375,-176.6,180,top
R3,1k,R_0603_1608Metric,245.875,-176.6,180,top
R3,1k,R_0603_1608Metric,48.875,-224.6,180,top
R3,1k,R_0603_1608Metric,147.375,-224.6,180,top
R3,1k,R_0603_1608Metric,245.875,-224.6,180,top
R4,510,R_0603_1608Metric,65.418,-108.138,0,top
R4,510,R_0603_1608Metric,65.418,-12.138,0,top
R4,510,R_0603_1608Metric,163.918,-12.138,0,top
R4,510,R_0603_1608Metric,262.418,-12.138,0,top
R4,510,R_0603_1608Metric,65.418,-60.138,0,top
R4,510,R_0603_1608Metric,163.918,-60.138,0,top
R4,510,R_0603_1608Metric,262.418,-60.138,0,top
R4,510,R_0603_1608Metric,163.918,-204.138,0,top
R4,510,R_0603_1608Metric,163.918,-108.138,0,top
R4,510,R_0603_1608Metric,262.418,-108.138,0,top
R4,510,R_0603_1608Metric,65.418,-156.138,0,top
R4,510,R_0603_1608Metric,163.918,-156.138,0,top
R4,510,R_0603_1608Metric,262.418,-156.138,0,top
R4,510,R_0603_1608Metric,65.418,-204.138,0,top
R4,510,R_0603_1608Metric,262.418,-204.138,0,top
R5,1k,R_0603_1608Metric,170.268,-175.95,180,top
R5,1k,R_0603_1608Metric,268.768,-127.95,180,top
R5,1k,R_0603_1608Metric,71.768,-175.95,180,top
R5,1k,R_0603_1608Metric,170.268,-127.95,180,top
R5,1k,R_0603_1608Metric,268.768,-175.95,180,top
R5,1k,R_0603_1608Metric,71.768,-223.95,180,top
R5,1k,R_0603_1608Metric,170.268,-223.95,180,top
R5,1k,R_0603_1608Metric,268.768,-223.95,180,top
R5,1k,R_0603_1608Metric,71.768,-127.95,180,top
R5,1k,R_0603_1608Metric,268.768,-79.95,180,top
R5,1k,R_0603_1608Metric,170.268,-79.95,180,top
R5,1k,R_0603_1608Metric,71.768,-79.95,180,top
R5,1k,R_0603_1608Metric,268.768,-31.95,180,top
R5,1k,R_0603_1608Metric,170.268,-31.95,180,top
R5,1k,R_0603_1608Metric,71.768,-31.95,180,top
R6,100k,R_0603_1608Metric,163.601,-30.172,180,top
R6,100k,R_0603_1608Metric,262.101,-30.172,180,top
R6,100k,R_0603_1608Metric,65.101,-78.172,180,top
R6,100k,R_0603_1608Metric,163.601,-78.172,180,top
R6,100k,R_0603_1608Metric,262.101,-78.172,180,top
R6,100k,R_0603_1608Metric,65.101,-126.172,180,top
R6,100k,R_0603_1608Metric,163.601,-126.172,180,top
R6,100k,R_0603_1608Metric,262.101,-126.172,180,top
R6,100k,R_0603_1608Metric,65.101,-174.172,180,top
R6,100k,R_0603_1608Metric,163.601,-174.172,180,top
R6,100k,R_0603_1608Metric,262.101,-174.172,180,top
R6,100k,R_0603_1608Metric,65.101,-222.172,180,top
R6,100k,R_0603_1608Metric,163.601,-222.172,180,top
R6,100k,R_0603_1608Metric,262.101,-222.172,180,top
R6,100k,R_0603_1608Metric,65.101,-30.172,180,top
R7,510,R_0603_1608Metric,275.1,-107.2,180,top
R7,510,R_0603_1608Metric,176.6,-203.2,180,top
R7,510,R_0603_1608Metric,78.1,-11.2,180,top
R7,510,R_0603_1608Metric,176.6,-11.2,180,top
R7,510,R_0603_1608Metric,275.1,-11.2,180,top
R7,510,R_0603_1608Metric,78.1,-59.2,180,top
R7,510,R_0603_1608Metric,176.6,-59.2,180,top
R7,510,R_0603_1608Metric,275.1,-59.2,180,top
R7,510,R_0603_1608Metric,78.1,-107.2,180,top
R7,510,R_0603_1608Metric,78.1,-155.2,180,top
R7,510,R_0603_1608Metric,176.6,-155.2,180,top
R7,510,R_0603_1608Metric,275.1,-155.2,180,top
R7,510,R_0603_1608Metric,78.1,-203.2,180,top
R7,510,R_0603_1608Metric,275.1,-203.2,180,top
R7,510,R_0603_1608Metric,176.6,-107.2,180,top
R8,1k,R_0603_1608Metric,252.3,-161.625,90,top
R8,1k,R_0603_1608Metric,153.8,-17.625,90,top
R8,1k,R_0603_1608Metric,252.3,-17.625,90,top
R8,1k,R_0603_1608Metric,55.3,-65.625,90,top
R8,1k,R_0603_1608Metric,153.8,-65.625,90,top
R8,1k,R_0603_1608Metric,252.3,-65.625,90,top
R8,1k,R_0603_1608Metric,55.3,-113.625,90,top
R8,1k,R_0603_1608Metric,153.8,-113.625,90,top
R8,1k,R_0603_1608Metric,252.3,-113.625,90,top
R8,1k,R_0603_1608Metric,55.3,-161.625,90,top
R8,1k,R_0603_1608Metric,153.8,-161.625,90,top
R8,1k,R_0603_1608Metric,55.3,-209.625,90,top
R8,1k,R_0603_1608Metric,153.8,-209.625,90,top
R8,1k,R_0603_1608Metric,252.3,-209.625,90,top
R8,1k,R_0603_1608Metric,55.3,-17.625,90,top
R9,100k,R_0603_1608Metric,283.091,-234.5155,180,top
R9,100k,R_0603_1608Metric,86.091,-42.5155,180,top
R9,100k,R_0603_1608Metric,184.591,-42.5155,180,top
R9,100k,R_0603_1608Metric,283.091,-42.5155,180,top
R9,100k,R_0603_1608Metric,86.091,-90.5155,180,top
R9,100k,R_0603_1608Metric,184.591,-90.5155,180,top
R9,100k,R_0603_1608Metric,283.091,-90.5155,180,top
R9,100k,R_0603_1608Metric,86.091,-138.5155,180,top
R9,100k,R_0603_1608Metric,283.091,-138.5155,180,top
R9,100k,R_0603_1608Metric,86.091,-186.5155,180,top
R9,100k,R_0603_1608Metric,184.591,-186.5155,180,top
R9,100k,R_0603_1608Metric,283.091,-186.5155,180,top
R9,100k,R_0603_1608Metric,86.091,-234.5155,180,top
R9,100k,R_0603_1608Metric,184.591,-234.5155,180,top
R9,100k,R_0603_1608Metric,184.591,-138.5155,180,top
R11,100k,R_0603_1608Metric,129.4625,-40.425,-90,top
R11,100k,R_0603_1608Metric,227.9625,-232.425,-90,top
R11,100k,R_0603_1608Metric,129.4625,-232.425,-90,top
R11,100k,R_0603_1608Metric,30.9625,-232.425,-90,top
R11,100k,R_0603_1608Metric,227.9625,-184.425,-90,top
R11,100k,R_0603_1608Metric,129.4625,-184.425,-90,top
R11,100k,R_0603_1608Metric,30.9625,-184.425,-90,top
R11,100k,R_0603_1608Metric,227.9625,-136.425,-90,top
R11,100k,R_0603_1608Metric,129.4625,-136.425,-90,top
R11,100k,R_0603_1608Metric,30.9625,-136.425,-90,top
R11,100k,R_0603_1608Metric,227.9625,-88.425,-90,top
R11,100k,R_0603_1608Metric,129.4625,-88.425,-90,top
R11,100k,R_0603_1608Metric,30.9625,-88.425,-90,top
R11,100k,R_0603_1608Metric,227.9625,-40.425,-90,top
R11,100k,R_0603_1608Metric,30.9625,-40.425,-90,top
R12,510,R_0603_1608Metric,91.875,-38.6,180,top
R12,510,R_0603_1608Metric,190.375,-38.6,180,top
R12,510,R_0603_1608Metric,288.875,-38.6,180,top
R12,510,R_0603_1608Metric,91.875,-86.6,180,top
R12,510,R_0603_1608Metric,190.375,-86.6,180,top
R12,510,R_0603_1608Metric,288.875,-86.6,180,top
R12,510,R_0603_1608Metric,91.875,-134.6,180,top
R12,510,R_0603_1608Metric,190.375,-134.6,180,top
R12,510,R_0603_1608Metric,288.875,-134.6,180,top
R12,510,R_0603_1608Metric,91.875,-182.6,180,top
R12,510,R_0603_1608Metric,190.375,-182.6,180,top
R12,510,R_0603_1608Metric,288.875,-182.6,180,top
R12,510,R_0603_1608Metric,91.875,-230.6,180,top
R12,510,R_0603_1608Metric,190.375,-230.6,180,top
R12,510,R_0603_1608Metric,288.875,-230.6,180,top
SW1,SW_DPST_x2,SW_Push_TS-1187A,7.45,-34.95,180,top
SW1,SW_DPST_x2,SW_Push_TS-1187A,105.95,-34.95,180,top
SW1,SW_DPST_x2,SW_Push_TS-1187A,204.45,-34.95,180,top
SW1,SW_DPST_x2,SW_Push_TS-1187A,7.45,-82.95,180,top
SW1,SW_DPST_x2,SW_Push_TS-1187A,105.95,-82.95,180,top
SW1,SW_DPST_x2,SW_Push_TS-1187A,204.45,-82.95,180,top
SW1,SW_DPST_x2,SW_Push_TS-1187A,7.45,-130.95,180,top
SW1,SW_DPST_x2,SW_Push_TS-1187A,105.95,-130.95,180,top
SW1,SW_DPST_x2,SW_Push_TS-1187A,204.45,-130.95,180,top
SW1,SW_DPST_x2,SW_Push_TS-1187A,7.45,-178.95,180,top
SW1,SW_DPST_x2,SW_Push_TS-1187A,105.95,-178.95,180,top
SW1,SW_DPST_x2,SW_Push_TS-1187A,204.45,-178.95,180,top
SW1,SW_DPST_x2,SW_Push_TS-1187A,7.45,-226.95,180,top
SW1,SW_DPST_x2,SW_Push_TS-1187A,105.95,-226.95,180,top
SW1,SW_DPST_x2,SW_Push_TS-1187A,204.45,-226.95,180,top
U1,STC8G1K08-SOP16,STC_SOP-16_3.9x9.9mm_P1.27mm,257.7868,-232.0272,-90,top
U1,STC8G1K08-SOP16,STC_SOP-16_3.9x9.9mm_P1.27mm,60.7868,-232.0272,-90,top
U1,STC8G1K08-SOP16,STC_SOP-16_3.9x9.9mm_P1.27mm,159.2868,-232.0272,-90,top
U1,STC8G1K08-SOP16,STC_SOP-16_3.9x9.9mm_P1.27mm,60.7868,-40.0272,-90,top
U1,STC8G1K08-SOP16,STC_SOP-16_3.9x9.9mm_P1.27mm,159.2868,-40.0272,-90,top
U1,STC8G1K08-SOP16,STC_SOP-16_3.9x9.9mm_P1.27mm,257.7868,-40.0272,-90,top
U1,STC8G1K08-SOP16,STC_SOP-16_3.9x9.9mm_P1.27mm,60.7868,-88.0272,-90,top
U1,STC8G1K08-SOP16,STC_SOP-16_3.9x9.9mm_P1.27mm,159.2868,-88.0272,-90,top
U1,STC8G1K08-SOP16,STC_SOP-16_3.9x9.9mm_P1.27mm,257.7868,-88.0272,-90,top
U1,STC8G1K08-SOP16,STC_SOP-16_3.9x9.9mm_P1.27mm,60.7868,-136.0272,-90,top
U1,STC8G1K08-SOP16,STC_SOP-16_3.9x9.9mm_P1.27mm,159.2868,-136.0272,-90,top
U1,STC8G1K08-SOP16,STC_SOP-16_3.9x9.9mm_P1.27mm,257.7868,-136.0272,-90,top
U1,STC8G1K08-SOP16,STC_SOP-16_3.9x9.9mm_P1.27mm,60.7868,-184.0272,-90,top
U1,STC8G1K08-SOP16,STC_SOP-16_3.9x9.9mm_P1.27mm,159.2868,-184.0272,-90,top
U1,STC8G1K08-SOP16,STC_SOP-16_3.9x9.9mm_P1.27mm,257.7868,-184.0272,-90,top
